{"cameraMode":{"drawMode":0,"name":"Shaded","section":"Shading Mode"},"sceneLighting":false,"audioPlay":false,"sceneViewState":{"showFog":true,"showMaterialUpdate":false,"showSkybox":true,"showFlares":true,"showImageEffects":true,"showParticleSystems":true},"in2DMode":false,"pivot":{"x":93.27317810058594,"y":-4.451957702636719,"z":10.548694610595704},"rotation":{"x":-0.1528642326593399,"y":0.2639223337173462,"z":-0.042404673993587497,"w":-0.9514102935791016},"size":9.017822265625,"orthographic":false}