{"cameraMode":{"drawMode":0,"name":"Shaded","section":"Shading Mode"},"sceneLighting":false,"audioPlay":false,"sceneViewState":{"showFog":true,"showMaterialUpdate":false,"showSkybox":true,"showFlares":true,"showImageEffects":true,"showParticleSystems":true},"in2DMode":false,"pivot":{"x":711.5825805664063,"y":278.86517333984377,"z":177.7975311279297},"rotation":{"x":-0.14584895968437196,"y":0.2240566909313202,"z":-0.03393382579088211,"w":-0.9630040526390076},"size":291.9762268066406,"orthographic":false}